Account,Token Account,Quantity,Percentage
Ft9pG1exPV89KKSi5LB9c25zBMs8sre7hMZ6axyMC7jW,CHDATyk8YSwgxCxBz59LCfbpmoAPNeCehH5Tnk5ykGrU,224309592.484861,22.43
3bT5AL71EB5QpLW2ztLtRSxc5cZ6ASDzSc5b3eavZeWu,8SRpEXQkDTowdAqscJpkFoCEULtUTN2f4AQcx48qFkq5,85614514.778177,8.56
A1LvsuknSKawqkWjb9ehZFXPDY3Vd4k5mW2oacddDjQu,EVEtmJw5F7BhoWU69qpPkViUXygopsZepH66sANsVQAx,55500555,5.55
GZSxU2zuhABrqNbPoAETmh2GHfqV87bJeQJBmX6YA7tU,F5cPGwCJLvNB3eD4gCrHwzCSy3ZtAkioEyJTwzKxZKtB,51715095.022751,5.17
db453GX585VJJkpK5imhLuLLXcXCxd1FicKgQ7Rm13t,GpVKatUrXmEPeJrp9dzf5zD16jDZ5GvUBVp8GHwRsmdu,43817244.379481,4.38
GddPFuV75HsmhGr1ikzgvidVUMeqmpFebbMzzbnSqVhY,Huv1qDRX7FVwjW2riEw2h7jQiCsaPxBoGvyToK6EHDKf,31350775.650792,3.14
FdZvXJNtZVnz1VR5ccV2zuNUtghrmx2c9Yma1e56XQvW,4XNh7QAczbqoJcT7RWrM39bqGWyJcvVYhM9mc4VPi8zf,23172752.803814,2.32
52N6Er9zqWAPX4hD3utyQfhrFULetzaSAT54Us8PaExo,71TuB9dEkWtW7yfhuEsBz27roPrFw7whMk1T8gW8CEft,22725711.275794,2.27
5dFTueRiNarPdY5hsxSjSU5u5N1Uq12Bne6jZfpfF559,GrUxZf7Qcw7vz8grDce5SG7uEKqfG5aNCF6pFVsqT9yz,21278254.010928,2.13
A4E7RTSyzEy1QLyijUAxt2iuzEeYP5TZdcZvMtraJqDc,8Has58bLjXD52LRdTPFZt1g5T6wfvcnjZZ9SxnJHWYZV,20000000,2.00
wHSRPsZNMEvbdKngGuxJvmCBWdgseTpgx9FTzqhJmBJ,EZtb69Q7k6s4Ki3EQnSCtBPWgiZZCPRb4pNmWdvoaukK,18858804.219329,1.89
dy6ZzfgLB5SRKzHnZmUx3rJCACuFRxg5hsDS3XPayZe,GWPziTm2DNrC6Wv9oC2S7g1MCocVhWdt2LUwxgidu3Au,18853998.859108,1.89
2GFJkDCs4P6gCUxCyebCPqfkJaEEwrAjSRHihbgDMiuV,8SDrcUMF66guzLHF28xDek4dDCiYvoXDaPq94EBULKz1,18013616.855459,1.80
E1sKuMLohKcH71MAGk1SJXa8zHxAv6aU3jtVKumVhQCv,53uoqheyhgUwUJmboxK6zyNez9o7jhiVXnRZRZT8gcpu,17871125.781517,1.79
BkxwFCX251hBg7pFtd2iLpSuMpv4jsY2FG5V96MfQecZ,6VypnzDt5rWHaTT84zccQcrCav31PhCwos4VjrPLedK5,17295035.515871,1.73
DGbKTf6MUrTAbB5ShNWKRMBo4EFkK6gUgVsHmJhQRBrb,2dqeaJrtstjvgFFCssdfVAjiaUFxkWc2CLT5cy3XTkfm,17200000,1.72
GTmh2K9C8daCyeD9Ytp96SAf3dKrcWfvH6mVbuXhMF9n,F3QZGZtFWqJ9VjXd4n2RevaE5b9TtZHE73Hz9DjChVYm,15181731.895493,1.52
AH9nHcZBfW9fupHyh85LnntRgH2KzDGz3AQipNkCbBfs,7LbuxsuCRDdBu5iGQqs42vc6Ru6ECdfAPg4PVe4KKTQ6,15000000,1.50
4B348kpWZbWbA3g75Mvu3s8X5r9jBviQE3728evxLodm,HCgAfmX7DfDiLwUDNKBWrxVZgbBMkYEqJJUUECoHEjJ8,14000000,1.40
5vemprpshYAaCoM8fcnd5YtB9Vc6ZDaYvAQZNeuhVzdZ,C4sg5gTJLfW9DFfxBuAG2qmuXcXeRpQbZbasLeQLbn3g,13000000,1.30
Ho9oLuYkWay44pp2vRxyobu2BeTDoLiqfQWooZ5fpu49,GD2uQx5Brs1KZmHXJPFxLXvP6Y7C2ea7gHS3NEJgv3cd,12647093.683589,1.26
DbwGtFXk63yqqhA2jeXf3VvAw6ko3mQn1k9RyJHVtBWJ,CrfEEPCFsZyrKfbTe2zjTMKTwMrbW2ZHXhXr3DmytXqo,12398550.352056,1.24
GdSAV5fMYz8TmsgiC4QivbkacKsRrrxhYsFWzaQP8aFb,2n1zDX9gwRVPy2ytkCjb2rTxqpMhSsDLVyXfZ5vxHghv,10702564.819742,1.07
2XzT58ZBrzLNVd1mwAg2Hwkmtd8XLPXWze6h38YebCCG,5Vppce464Y79RoHSbywtpJNedrKqJrppw7P3AQaCNNJ6,10449311.944661,1.04
AWAE6kZQvfR8GTTddUYHXV6Xa3VxeJUL5YCVBfkFWtXp,FwrS1DWMknSBG27ZotVABm6Nu6siXULAhE43bcbkf3Y5,10226295.252664,1.02
EXgSDvbwgpKYxe7D1vh1U5ze97QkTyrQd5q688KAFw8k,BwX85BMbDLw6kpxFFQ512nzG24cRT7M9ocFi7eJrYw48,9573513.618715,0.96
J9XtGAZyZ1UDsx3fKPZzpN4UND2FmyWptKTFNWDeLjfd,B1jH352CjAo2sWJrowcBUu4v1Mv8StJmWvT8VBpfV6dZ,9122422.492139,0.91
6hxei3EW83iRcKDWsPHZaA2PE1WGA6kin2TNjdcT8h2q,4J7RpZGRvoxNVzm4NtRuk6bYsJtD3RZtE6SSFN8F5vbu,8820697.173606,0.88
AnFWgSpbGHyfbNnnuZALhu9SxzBVnenPzbRamGqu7BnK,7BJM72dYnF3zo785Zo4aMMNJKHYVzeHqLdm4GhyJoEHY,8643561.975626,0.86
CmrFw8vcLASCerGStpN3KSgPWUGAxhHxnty2bJwJDRzk,DyAJaqDD2ADuMWC4xMxRci96ZkKF36DJeqyYDqmkSK5g,8380951.030487,0.84
A7XDdKzNkD4ZpLhZyAAoxGbtcAcbADy2YSzCVTsEqrE8,DGaaZaP2WfMvwuNWDDwGVgGjzMvoQMLQ5U35hYyg1KKc,7571911.732994,0.76
8nr9rX6RvzHJCybQkaqxYdy3ttvCda4ts4RD8gPyrnu,7a9wy8uPoQPuBDQyHt6E7pbAmMzcF7FZYWXvp7XiwF9S,7553226.669396,0.76
34s9RPFfWYSrbVSPBsr8inYetGxAeiecLZkypMcnXkCq,6Gp3PJydHYQWKpBCLUUVtSBsBGNdLGNvGWnQEiSrv87j,7372744.782583,0.74
ERDeRHcRBysmZcvfuZikjsPNETmBKYx1QuDEaPxhmgVP,38JwFHEAjh9GqE9RGAQxANKdNPXbp44kX48NS3DLusxB,7282449.444213,0.73
9hQNQz2QEW1aFAkZagQHnY6q5Rj9m36ZHfyrsEM2mDL9,9WfJSXroUgQzh2HLq6FWFg5we9Gsa8ayZ7wLn471ZApX,7177183.453149,0.72
4x6ebdFhR2aewvMXQFZbxeiwmuZU8KHdF6ngRhg2JLv8,4k4YAacCyFA6ZMsV8B7Nc7sB9SGuT2KxBkjyBiE8234C,7097031.865418,0.71
DQrDQi8q4TC4z7S22mhXV7gHL3UnEUPSZxAW2cqFeC5H,Gb6mWiZCFnE4Sqp2UhUunZMYtkQ5DkuXtfDqjtvktR6B,6580150.009184,0.66
GCTS9hW2dwvTUpp7Mo4KroAh5z57Amucty3P1k9QVzAd,2B9ScvzALYWRvxLJyMzRw3ekVrUqi1YMp9mcjoqmPnHS,6349060.38771,0.63
CBBBNisNsLKz8ScYHogB5p62z1SMViSWx1L1W5VzMd8u,9jMy2NpbkRv2rkbfHTfG471dSVTp8PhcSHpraM5C5bBC,6342166.485807,0.63
GhHkMRdWKmjM9gZpAtYaxKbuNNDh9axfcK8DTZJxYqTw,DMZDQWtfdBLdcY87dzCrRrjeG61tsHSXnioGVUYX1tzN,6228881.939798,0.62
6p26LVfvm14Ei89Rj1yvxKUCWK8zrpNHoNTqQ9tj7AdP,HW8PYmQzb6WccDBhtj6T49j6Yt4okj8sLGCc72HNp9gJ,6062173.783109,0.61
Bs782bRDXUEWQJQNhEVBDyrrcSYKMbFz2V1sCuEmyouJ,er3Lmurne7QKzqjrcan1v4b1b9LWpHyeGRtz7Ps38Cs,6046253.437741,0.60
ACHXdrPLn224pYB1rQi2xUDj8xutTRy6NwHat38pGxpU,9ABUfTeRpttyNYBmynvcxnckfjXuo5UqWFLyxUY2Vbde,5067875.19112,0.51
DeLeWaxxhY7ST5ery3ynmjTKGiJoRVDnr891zhcNMYYv,EujyZzoLwbfwVnxFHWFJzvE8ZLk74NXgjTdc6T1qEGGM,4120912.463728,0.41
3LXWy8LZ7qmvWu4zGPQM6bjHXEJQxLspTTtuAS6eqr3o,2z1Q4FFHvRM4VLYpAkkDsxzMvXEU8dgKGFHdJyhtrMo2,4032457.408195,0.40
2DDYKDqcxaTzd9tyH6C7GiBxRFKUL5bkSh7JpWXKii2g,4zbUhMRpxM7eG49zGTthn4biFgGqvWu6y9wmgP61zHwk,3191117.371473,0.32
7qjC7x3HcrVmGLhLusjBxGC6KjKvsv1us1x9bNbXiN24,cSXPRBPwgxZ5BfidP1Ck46gKPCx9CgX6v8uH88Vyond,2959112.640067,0.30
Fc1xKPgXWzxchNMM1UAwiLw5oPfr8Dgv7MBcNHubtVYR,GLsbSqk9ERRu1vDiwZgRHEq8fiM1GmEcYa9622qfLXrn,2948143.54962,0.29
2krhCgFwtMtkSuDcvyAeLcSNVSyVvURwBohqRxTDRVeM,FGrZbe6NXkCLRDaW2k1UkjWcezeGevV4S89SWURu26ra,2909176.09278,0.29
5Ks9BsrTPLJnX2p18ou6NPbY3htWKdxQ6NYSrCynuY2D,AzQ8LNdonhoJaa16f4LMz53gYs8SSRU21hzBa9ZsEzS,2714175.783924,0.27
33n2QkGCwv3RhLJrBq31QSAdpVa91rmnvx938ot7kVX6,CqHNXoY6fLE6tTeFMJpHrAQeqVTDNSQD35NN1pjN4gTo,2686578.926586,0.27
4yZjvabxeQWk2tYd49Z4RBH3RDXR4hMGMUZ7fhdnDgY1,AiuPzUJbYr9BA2uRiBFSjPQCbpgFHgUqqw7LhZA2sa9g,2613589.235607,0.26
7DDMYMDbMi4efCAbwCH57uGgCKBPDHkUQtdb2ve2ZpNm,HydwXcJJsMPeunNyWWpxBKf4xzam2YoswGPcoFR2XxiG,2500000,0.25
GsizVwmnw1XapdUikLa5UQVpHyjoc1jhTKVf4B969SQy,7HYNELiYudY7m4UF6wQwT28ko4L98onnD9DDqHFDmiFg,2381443.220749,0.24
6tBdta3CmchF3ypuSawzY8bVgdUfioQ4P5EXDWXQ8SGy,3odwPbaVFmfzdNQaSvJESqWHK11XV7kozqkL1VNuVXM5,2184088.074042,0.22
5MdmYZMFkSARuoPQyMoruwvSQVPxKGgEJipruwcxp5nq,AKhrTXRk5rNM7KHpZ3MHanG1NFEeW9cYyg1Lni7NMicj,2112229.718496,0.21
CCQNECDxxRYiuiYCLy5hUtXSUisoMC4Wi9GNMmUEPdfx,3nEhH6vde1yLbavMeCS5rTicT8LKswyBSNpWs17RW7tY,2014466.061927,0.20
G5ybjffBfD7juCzYxxFR8H7A8qc75ofgj9a918YVcUcZ,AvaxFGfVghciDTxVQmE3YdaJXqEafVVcwUJEU4MebVy7,1854468.797139,0.19
Czi19doRewc3VG8Q57hVRi6F2NRzs8MGKUwPr7uZbzH9,HxVcfeK1t2fvUTdFggNiNcm3KYSikCetBJAGFB1NGuHz,1813141.507823,0.18
wQxK1btKmQfHFAiapqe7B7jRYoykBmLedmnH4JzcvZo,CXN8QP8Y5vxUzuVSXR4RCH8sbshGYdKJ4Ban8aE5Mrv,1677562.970637,0.17
4pPrqq1kN8hZw98BdGvB4QKU8LFwazTM9mgrpCC6Dwqp,BhgCkbAQttucagBzznGGaqDsPQMpjvHs8seeiFP9TWi6,1646088.997902,0.16
1f2kbCpezrEFUMgjjyruGQW6JeQnXXj8fJfYzdFmYgB,DJZuPcU8VkxpxpbkBsqzQXdDePxbSjYRkJC1pubZ21aM,1483503.416526,0.15
2NCDJokZSQsoEMQ6f3EPwPmQc1DwV6Xy9qjx9ikZjfD5,AmbkQLm6VJSeNhiwvyXKTnEtbeCZ2KZ3xGUZPRt4XXuz,1437984.968915,0.14
3VpgeEznWNQ2Sf5KCZjBQ2oudQaTuLP992GKRgUP4K5x,DhQA6YhfEF1R9ZHYwUetivFEoBiGTJ3JbR9qnQfkY6tf,1351580.721544,0.14
Ef2o4BE6EDhFBMjxxK9VUrDeR4ECvwKavHKsQ18eHCKs,3E8cxa1Bv9RnmAsqHLtK2k2qcKvDLhX3eNWVJu2Pzdgj,1338380.120478,0.13
GWwF7NNTpDG9tV7uuCAaZa3T8Cyb7cXgoNaeaGe43XNe,a5ybwdYKb8KHnVEU1D1K64jA238BHZdDHH4ReB1GAHZ,1245869.630646,0.12
CespGuzGYZ2DdpHZJc9kgkD2CBkWj7bp2oy74kXzNsMB,DJkkrSggniGJktUxD9e5CLLDPxCWNq26D5A8NpoFXrgg,1115711.799849,0.11
3HcweksMemRKhSv1rgWB5y85sFnJoT2eR7p6jmzfZdM4,CSoYVe3DGiHFPWPDHTUfDSMgLBCGvSm7fRhZz7yaymRP,1067961.575852,0.11
3ZPfcDpBYzU4rgmtkduNfYb12LhnS2sJodYLQ6YKJvqf,BYByFkivwbRn4uHWbpuR7pZ9sp7G3xK8M7nWUAQTGLM7,886319.441632,0.09
2fwusLFKqwGgWsXEcBdq1j5G4gwuwYhQ3q4oPdmfyfc8,Db85FSzp7WJvKUiZm73QqMNTkZ8uC7PJkj47PeaCAnZd,873958.095057,0.09
3h42omYz8KAXMkmFaRXBkBaocsy1RTew7vRz7oW54Xv6,2y3WzNyok1qxdJNQREymGaG4APYD85xc77ELdwH1dvHw,850784.808028,0.09
6KsuCoMQzD2nqzF5wv1EzLHuYpdEvGWEPV1qk85veipG,BuSTJuTaxtv4MeKMNgbuMb4FxptA1YhMXryiCimbXnbf,750988.664648,0.08
5ZsTDDk2KyCsdA51rgdbBwbbqAn1Wxgy9Y9ZTRKL8XHg,AZcpt9eXfL5jnMqngiMjm2dAcMwRM6o8MjfPDUMLJeci,742924.404666,0.07
bk4ssU6EQmTxqntLbKE3w61HnvAPXidoUNUNoQFptQS,2yPtym3G3sZA9K4eXZzxWj8E86NToaCDh4xbAcWvRr7M,662769.023314,0.07
85nhNGFKHHpmikVdvbZdjAKHDMJxDZzaGWXsN21khCN1,8W1XaCFkG7iUKBXMkYkQJZuWo3DuSDumvMrr3G413UAr,600000,0.06
EBWxz1Bkmn5etmqjc9YRviXmt1rb3KyCABYRVoTSCRXf,7HUwM5f1yn6TaCuMYvEFfXrocpxxA7nYAcqeVEi7k8r6,493891.7726,0.05
wXzwH8JuWuZJ68AjfUVL3Gb8gpXRQZXyUxce3hyiwga,DDsPRgsNKwTZwraHt5PVPkdC4mWUp1EfjpEn1kDTWvi7,487978.251069,0.05
13379TzUnsQQqhu6KfmGAvbjn5PytF8wzFWQbARMPfTA,8JxS1qBG1WfCAL4NF6G8RDazWq55rR9qq8eLscRbt7A7,422819.458176,0.04
73dVpXcWem7PF8DrLgjpfsd7ZftRG8wHjiY8d7vRSgdG,3tqMDrgyz2ECRunyjfPUReLS9jPRhgX1htEaHDzPyXf1,369716.069168,0.04
J2EqpbhGecH62EKnENL4icACtn9NzPPzokVqB8nscCgu,4KYiU1C8igph6Zh8nqYcxH6TfYcNgsQ7uAtqWVwXzHBf,356486.296601,0.04
6yVZwRLrMVVuSkMwtAEC976huEmGJ69nojtA3jdpLJVR,9R3QS9FxoE4xEfmA3uZfGoSsumqj96sSb3EFiGVDYa9,315315.409876,0.03
6TwXThzTTdPFacbgyST6pHZ1Hm1fKKKHUL6sAW5qYR6N,FKQ2edHgjNZjSYQvC8srfuwRL3DmjbeUoNzMNNw6p32L,305790.529368,0.03
FsWHrqYVfesjGDu4XVWFaiuL19WNJWK3Y7ntBLNkA2nW,5xMS4svyi47qv1dc7BEWbCZg9eHTaY9i1ez7JLAVD9N3,299936.190006,0.03
9MEiLuNSvtCNt9QD8Gp6KCdkCgqQjuPLVoMaTUMwTjtQ,FMdiYagdkC3psptP7MF9YXSmzUfc9Je86V44WAvXiMQ1,297276.30788,0.03
4cLUBQKZgCv2AqGXbh8ncGhrDRcicUe3WSDzjgPY2oTA,96BsbmbfH9PdgoR3gz8UhUJgt4fqEKDxSDro3g3pYHGh,269681.620344,0.03
5s4VqStnisSeku6YQcQc9vUKqYkeyuFP6uxFJewoe7nn,9i7ARRc7GUCWQPvh5WFFy8mMyM1iibcrbTGig3Ax1U5c,258041.09093,0.03
CiNYTDzJoYxFVMpMGv9gp9vyLVcLC5rvuaf4c4ytEzka,61jtwYBeLSYqVbHv6AR4aTFbubZXde6FxqEeDAizmYHx,246590.526809,0.02
78SDAd8GZnebp4j35bA9vZYHhQUJKi9BfF54tdeWre5W,58tHdkEF4eaVVJegJKFf1J9zYNVXUHSyC84YphGiJAeZ,235339.166386,0.02
8bXf8Rg3u4Prz71LgKR5mpa7aMe2F4cSKYYRctmqro6x,Cgx3eiKVtCdxRZFfyjyMcdc7ZmCW2Z3aiaQKPEjx5evk,215583.615645,0.02
EnLE3CmmbZ3hw3kdbMZwZkpgfudF99cLcaZR1mZLQZLM,4oy55keavDycKvyBb1x7Ho4WKYgnEZpFoe3NG8gaa9Sp,197573.459073,0.02
8iJVdgSEGP5hatu9uYcBy9gAiEdynnGxKfNe5dBPR3Wd,B3zR3ThHHUa6cmTUFjWXTRmpi1p7XkV7dATqJirEAvDU,196596.474046,0.02
DU6RiP1wYWXB84h4rj7J3aVBifyJYRd5kB8tz12eD4gU,EWgD9QBYVtcaaK5XNP2uDQop8fouy8Lna8yv6qfeXhLy,186136.518302,0.02
8qsGN3AhCjhWjvmu4jxkjmxuZECMXp36Fj7ogJ5EKPrA,7WGWuwVoG6wAquwEihzMaiyrBHjM1s49Yw3oYzth4DGq,156620.862122,0.02
9rdqDAcKRofzggN8s5862ZDKqhRmbm9s6XYMZZUDNBUa,CkDxH7XTATpWfdq3LHdGEJmyyAmRTMFbKSDnndc3dwoN,146710.699747,0.01
8JaHxpQkVRdtojyqQHYV6N5NDw4T8npCwkKsaFC5Phoz,ELbxZUodbzVv9YCBzDmpCES1MwhTkuRNnbqbQDu6ruK9,146285.258936,0.01
7GDP2ZgmfwEUbXnFVXA5bKu18h3D2DA1dxc1T9eRj3kR,7SHf5YS1YVchD9XXk98aPu8j9pvGJP578jXSzzKtUuy,124232.47939,0.01
9hZNLCDpuW9PmrNXaBQ71xiJb5EVARZvPXGnmETSSsYn,Gm7oaRGtCaQaea4NmZKxAKRsr753XQWBZGmzaY5hCiVv,101207.875227,0.01
Gv6JcoqRPFTAGxtebZ6vbxAYbnKYj7zAScg8Nt4P7Mbs,8WU8VVAJJJT8oa5RnLnZ2QijmAVbdFrspn5WghG5JgNd,100668.818848,0.01
Fn76QEihtJ4unQKsHb9Aisi518RbUCPxaCB753Y5qVEi,9MdaFhczN9FQcXU2d3tpBKHSH5sJTBwU5JBXdJw8byck,90677.732736,0.01
DrZoNFfuL6upMvC21Hs5gnksH5PB442jr14DPTWshfid,FBj8iQw164YtdFif4C5q6ZjHCLmVkJuT8Uofp4AVEyqD,80807.427245,0.01
8Q1iqCbCXiqwCBbMaYr5vTNbLhz5RhTtJhSxJuyLJKbG,5VvdPQa2w5T1cnYs8oLvJqFWyDoJfU3xTBw1dyuV6oTH,75310.724006,0.01
GnD6NTYH6jzWwzqucoMDe93iypsznhY9HxfuZHx1z5a3,J9S1cXcDy9UHW9Jz56KjNu4Z6RmDHYCpBh8fjc8pFAoL,67886.503285,0.01
45ruCyfdRkWpRNGEqWzjCiXRHkZs8WXCLQ67Pnpye7Hp,J1FLPuYFnKmiL4y4MSU6rCaBZx1C2rYYYAcjVCK2TbNi,59672.242731,0.01
28ZmUoD61QzjXGTjWEsoaWWoDvZ6NZGFgvxBTBeTTsm6,GXiS7w9FTopqBgjBCZ9kp5eDBT6uZKBTKtLW2kE8Lp4,57827.295505,0.01
HU73r8Sq7CTZhDm4WE37ppr4yerZY1qDhNXXPj8HyRYh,6pa6AjkErkT9bhGnKmzEDHMkuKYC1XGuCWLywJj3tMo9,53241.474388,0.01
HzmCyp8dJFwRxCwwBrSYr1Hg6u4HVBMxrv79cs953YVu,F7a587Yu7GrmqPYYbmzdP7Mjy4zXxbRQN3Si3M89Nso9,51053.261063,0.01
HNVkTRzbFo4AuvSPE961VMuDs2rfUELgkzvrgLk7e3k3,Gj4mV9MzVbMMCeANAM4KnJmTsgZSL9D7MP7bffdKtH9c,38149.198559,0.00
DXooLWtjYgHw7ddHJeQKCPxBjSMhtDmUbKs4yTyzdsjw,DXqgwTVKPTsg5BwmSkoPfsHhqsXrQbP86vjGN9kAHySW,35652.355848,0.00
3K6pXpFHS5wqJAmgRTUMguHB8VTcoP82TAGX577MMMCG,c6g4toXykfCdLedpYmYK9zCwXMaTCSwV2MLyWHVcSbk,33086.920698,0.00
D1yUafD1ZT2GTGa4wTarkWzGHY1FQCaDLDXV8sCNE5kR,F33wre2rVmu8Wpx4d7x1SB4jyhWefX8e6qGsPKp9zrSJ,20431.710272,0.00
EiFNqJ7uX95As6XRa3swWYDzaRg8oq5sfwVhBTHUAxuj,CDbPgjncd3wwSm4AqohLH2wzZan5VBye8TzxjhY4wpBa,18079.161538,0.00
G7PHPkZQzAAdR8ZbcxmMD7763gngWnFWTFAwiGMxs7hF,5CQ8qvbDstXyHPBNgnTvL2391S3ZgooJDvcCwaQgZpgY,15363.218151,0.00
6kkWeBA42zHYkjtuc3H4dWCKoMxCZ5zB2phLRUUVxX2Y,Hev3CDhbrpLV7abpVRZSBYMUWF9G2a3ZD9BjuMXghnv,15254.347936,0.00
BCwPiUzYYLs6svSyXqbo4xfs2xbpVoS6XXCEj8LmFX8M,5833xKjr3zbNksP9uFrwrHrJpWjnozBu4EWSzzWAGMKL,14038.609002,0.00
BRYjexksMSJLRu6CyrzDRFj6TgVAu54p2jHbRB7AiPHV,Ff4hJ7D7i9kU6twSbvWNFLkuncogqjsiVC638rApPQra,13255.017395,0.00
Bbv8Z2Lc36g6QWhzhrmmZrZ7K3ndj59KksGFwbEsrtwz,2nJHouBoKKVxRfbJv88aNbxEYBpqKd3CvbmkimXYsbWW,13171.356842,0.00
6qZrJbfsGMfcXY26W5R1k759JbeC1knV9S2RFmRDewb5,DBqQnefuu6xaZAA9ffexWio9rJBj1SHgfvanWusttyr3,13063.130216,0.00
FdL4HNPJQHgYnoTQrHrF1oKyudYsbP4YiZtSmb196NKY,4XNEYPYE5dTTwokBsHDuSJCJ5v8kfsk8dn2LgxUtCumg,11885.882368,0.00
FBYmU5XbRgX2DV2i2SpPPpHpXmf6mdZS98wQChmUyMba,7R7HcVYQnJoiaB3AaSwnpBCLsExd1xEzFTQ4FY9Jdek2,10636.245674,0.00
5Bkn5eoRvDiZMwv7kLqpvbfNxHW9qaBft2GQnzRHxzWs,6QrwMHrBwWArbHUsKBn7RAoZygTeL5ccxESknMVwxJdV,10512.152047,0.00
EuLnJF2C4y7hwUJBAaUSP3aCym71PSVjc5gDbeVciiZV,HjECC8K58o7nRMT6ApaM2BvbDtPB16vGLXujxJjMw1vH,10001.10541,0.00
q1rN7siNWnjbAJPbJr6gbFhi4vPVJnYWiqNCxxY66Zo,HGKJob6fNkTEpuWiTVPQ2QLJM8KUN4fGQbvYMVrozGrH,9018.380573,0.00
8psNvWTrdNTiVRNzAgsou9kETXNJm2SXZyaKuJraVRtf,7vNj1nuCkebry6RpLM7TzuEJb2eCiHrLq7vqKrzpBoaW,7242,0.00
DSN3j1ykL3obAVNv7ZX49VsFCPe4LqzxHnmtLiPwY6xg,2vTQbVjq4nwMfNeyo6br5cfQxx8ZdfTDZwzi16FfF5ix,5237.57198,0.00
3Aid9eNGM2Vm5VT1GRkytNTZcut56VoLTQxh3221G9By,DduBH6gzZpgigV4hW2uH6WRg2jE8xvSGxJXBTfbFAWEH,3940.200125,0.00
7iWnBRRhBCiNXXPhqiGzvvBkKrvFSWqqmxRyu9VyYBxE,EUVXm89922FkXpoNK1fw9zGh5XiSGiQ4AZNYNZtrqrWu,3156.871024,0.00
AkTgH1uW6J6j6QHmFNGzZuZwwXaHQsPCpHUriED28tRj,F6fRe2pCXW7apVMRNybD7qMwmBcdxv2cYg794S6LiRti,2677.630519,0.00
8MmEgLaMjCcnm8XdAHLbB7aUfrs2JB8q9uAdsMpVJ16n,7rSSTsp9JyDgCg5qUcZWKutkuxB4Nk23icrQW6yGs3Ze,2250.201942,0.00
HbjAi2iadFV3KFFAeGWe8uWZZVqUU5PYsyMbk6tkAAHZ,BMAVPr363uYT4ro89ArNCVftWupE42vd3V9y1PZqfJx3,1310.824093,0.00
8rrvg93uepeMqnpEHSinKnbS1W8Gq3YHR718prjSe8FN,7ub6PdqoEsbfhViDZrJHf5KiDwzy1kce4DUV4FwLGjYB,754.880144,0.00
3CgvbiM3op4vjrrjH2zcrQUwsqh5veNVRjFCB9N6sRoD,J5gUuVhTNhxXZ5aW9JdnuBxD8ADvMdBxVGusJ546wdph,560.092954,0.00
GP8StUXNYSZjPikyRsvkTbvRV1GBxMErb59cpeCJnDf1,2mzT2QRbL5aNAWzf2t6R6AVR4nhnPWe3W9oshveqiJWA,425.375843,0.00
FjroRGa2NCvatTzVxARnuGmPWcoLddVxf5uxcFUHixeg,EGXKcR6KRjtPUonK24kyNJoaEPJUh7b4pTj9teAPckxS,390.07507,0.00
36rUq2c3JcfiKdnjSkWp2YCaxRygZPNetFKnDCmM2q1G,4bk1cG1yg5Dro7eAFFPjuewUMJVFfKBo12LNxMwR8H7X,366.586649,0.00
HU23r7UoZbqTUuh3vA7emAGztFtqwTeVips789vqxxBw,DjgG12eKw8v8qMi7ncB5W7nGQi5ZbCj8U92X8LK8BPNk,351.77391,0.00
2G4roZTbDj4KyaxeF81dSrT3wDKRdUCAANFPhzTRucqW,DYaKuExagrz29mVW7gF4gnYQLCFJMmbBYsVCEsFZqFdz,300.883841,0.00
HFqp6ErWHY6Uzhj8rFyjYuDya2mXUpYEk8VW75K9PSiY,EdR37WZWcU75A3dLvw3hTdFeMR3jgvZBgtyg3rADQWSr,78.259413,0.00
3b3zfYBQ61sEicY4bhQMKUvRo9bAxPYAz32uyAP9Cj9u,4Pq6a7zMkETWiaVtTgBVtpRpM6DfVD9Q5A6QLd3D8n5C,31.281068,0.00
5kFw97ESAFNTsnDzmprQdZ2kfibp53QmxxSZnxx6yS8U,BMZD71itBwsrjeajuJ6tHXs7F1o52pskbo3gFXS7gp3C,0.935176,0.00
AygFGFtBeuEADUY5mADkFLzYeN73Mc7ymdqEYPJV7fXz,5unZSVycNdzoCCv2ehwMAcAhzpnNzA2g67tiPXQfa5aB,0.801337,0.00
CkUZV387xnoGpF7wC2moMa6mPmAgCvTT4pWgzq4M9fCD,AksRyKxaQFcmdEeVdb2DK6irBiKZmjPaJp5LNPQFRa9B,0.000127,0.00
HLnpSz9h2S4hiLQ43rnSD9XkcUThA7B8hQMKmDaiTLcC,HVZQJfiKvdAJ7YEAxJ2pNzLUTt3SMnGWW54KBw2r54ma,0.000009,0.00
D9A9NvXsC9iLoBFp1AakJCEwzZc51UJP3XRip4nfjcWb,62Mx2xtasyxffbUEJtJMKpBLr6mDdfgjp1mdSTovhvFa,0.000001,0.00
HLnpSz9h2S4hiLQ43rnSD9XkcUThA7B8hQMKmDaiTLcC,DZ9QTseP1E8rRiCMLSZCLVNfAYyQVPesinWSYmwjDP6x,0.000001,0.00
HLnpSz9h2S4hiLQ43rnSD9XkcUThA7B8hQMKmDaiTLcC,C4kMFMUy62vD9Xc1wgEPebzkkJBq5KfLLnXb2niQZEg9,0.000001,0.00
8r1HfyppFJ1rqrr5PJqsJbdXZcYNfV8aNeZJCvtHrLvd,5gDK3iyBsFFttufZzUYzymyY7KjAFtPF2d7fY6b38tK7,0.000001,0.00
FbH9qbQ2manC6Ch2KhYA7QTTkvDrkVVWdKoaT38dX8QT,29VYSspN4yc4PNhiXBB3CtMmfRhktimaMfZFPU2RtgWE,0.000001,0.00
EewjBppTChYojymY6T7DPfDBQt9qxVXvk8ie5378x2eZ,6gEi1mFvutAdKPzzD97NDDV4FnMrBmL9TN1LpAvFi5MD,0.000001,0.00
